saison,episode,titre,sujet
01,01,S01E01 Monica Gets A Roommate.txt,"hump, bridesmaids, gippetto, diary, probably"
01,02,S01E02 The Sonogram At The End.txt,"carol, kissing, oberman, sonogram, supposed"
01,03,S01E03 The Thumb.txt,"subway, schhteve, endearing, tipped, emphysema"
01,04,S01E04 George Stephanopoulos.txt,"omnipotent, trashy, tables, specials, walking"
01,05,S01E05 The East German Laundry Detergent.txt,"laundry, rambunctious, mississippi, auditions, figured"
01,06,S01E06 The Butt.txt,"line, trolls, divorced, kidding, nonononononnononono"
01,07,S01E07 The Blackout.txt,"jill, vestibule, lucky, vstbl, priesthood"
01,08,S01E08 Nana Dies Twice.txt,"lowell, exactly, dehydrated, couple, dorothy"
01,09,S01E09 Underdog Gets Away.txt,"thanksgivings, terry, propose, salary, anytime"
01,10,S01E10 The Monkey.txt,"marcel, sneezy, tidying, pressures, sanskrit"
01,11,S01E11 Mrs. Bing.txt,"daily, awww, overslept, condoms, rigatoni"
01,12,S01E12 The Dozen Lasagnas.txt,"aunt, sit, placenta, cappuccino, completely"
01,13,S01E13 The Boobies.txt,"boobies, barge, overshadowing, stay, analytical"
01,14,S01E14 The Candy Hearts.txt,"phoebes, break, nokululu, pathetic, sacramental"
01,15,S01E15 The Stoned Guy.txt,"waitress, cappuccino, hemp, supposed, structure"
01,16,S01E16 The Two Parts Part I.txt,"carol, heckles, aprons, dumb, rift"
01,17,S01E17 The Two Parts Part II.txt,"doctor, uptown, sucedio, supposed, returning"
01,18,S01E18 All The Poker.txt,"poker, resumes, yas, proofread, visa"
01,19,S01E19 The Monkey Gets Away.txt,"barry, unclench, buses, enjoy, confiscation"
01,20,S01E20 The Evil Orthodontist.txt,"salty, oatmeal, interestingly, orthodontists, walk"
01,21,S01E21 The Fake Monica.txt,"credit, cheerleader, definitely, interactive, nononononono"
01,22,S01E22 The Ick Factor.txt,"office, lasagne, subconscious, ignore, interesting"
01,23,S01E23 The Birth.txt,"babies, ewing, definitely, ironic, knapsack"
01,24,S01E24 Rachel Finds Out.txt,"ben, ewww, coffeehouse, fertility, regulations"
02,01,S02E01 Rosss New Girlfriend.txt,"cab, ewww, slowpokes, unbelievable, weddings"
02,02,S02E02 The Breast Milk.txt,"shopping, bijan, joanne, unbelievably, exactly"
02,03,S02E03 Heckles Dies.txt,"joan, sneezed, bats, agree, recycle"
02,04,S02E04 Phoebes Husband.txt,"snoopy, pajamas, begs, struts, paleontologist"
02,05,S02E05 Five Steaks And An Eggplant.txt,"julie, midgets, probably, thai, enjoy"
02,06,S02E06 The Baby On The Bus.txt,"benny, babies, thcrabble, mmmm, mole"
02,07,S02E07 Ross Finds Out.txt,"cats, lifts, probably, phoebs, cheers"
02,08,S02E08 The List.txt,"chef, mockolate, especially, hangs, transmits"
02,09,S02E09 Phoebes Dad.txt,"ornaments, gershwin, hangs, cared, sauna"
02,10,S02E10 Russ.txt,"sober, ewww, tribbiana, tables, neurosurgeon"
02,11,S02E11 The Lesbian Wedding.txt,"diaper, subtitles, rockefeller, supposed, sent"
02,12,S02E12-S02E13 The Superbowl.txt,"monkey, fatigues, baking, alrighty, salem"
02,14,S02E14 The Prom Video.txt,"casey, endtable, paycheck, especially, gestures"
02,15,S02E15 Ross And Rachel... You Know.txt,"peeking, recliners, cows, dare, opthamologist"
02,16,S02E16 Joey Moves Out.txt,"lick, weekends, mouldings, speedster, exactly"
02,17,S02E17 Eddie Moves In.txt,"casa, kinds, muppet, hangs, definitely"
02,18,S02E18 Dr. Ramoray Dies.txt,"drake, definitely, phoebs, irony, scripts"
02,19,S02E19 Eddie Wont Go.txt,"eddie, dab, paycheck, goddesses, tiles"
02,20,S02E20 Old Yeller Dies.txt,"knicks, guacamole, sitting, fields, waved"
02,21,S02E21 The Bullies.txt,"diner, hhhiiii, pulls, initials, becuase"
02,22,S02E22 The Two Parties.txt,"candles, shannon, table, shhh, commencement"
02,23,S02E23 The Chicken Pox.txt,"taffy, submaring, central, crashes, supposed"
02,24,S02E24 Barry And Mindys Wedding.txt,"beatty, weddings, awww, syphilis, flashing"
03,01,S03E01 The Princess Leia Fantasy.txt,"janice, blinking, eww, yankin, waterfalls"
03,02,S03E02 No Ones Ready.txt,"hummus, sit, stairs, cared, spooky"
03,03,S03E03 The Jam.txt,"jam, cuddlily, probably, nyu, average"
03,04,S03E04 The Metaphorical Tunnel.txt,"bunny, rejections, notepads, unless, welcome"
03,05,S03E05 Frank Jr..txt,"celebrities, forest, tile, anyways, reimburse"
03,06,S03E06 The Flashback.txt,"janice, weekends, lemonade, awwww, notices"
03,07,S03E07 The Race Car Bed.txt,"carl, neighbourhood, appalled, mattresses, opera"
03,08,S03E08 The Giant Poking Device.txt,"dentists, hammock, janice, awfully, display"
03,09,S03E09 The Football.txt,"break, touchdowns, marshmellows, pennsylvania, defiantly"
03,10,S03E10 Rachel Quits.txt,"slots, snoopy, tinsel, cheer, nyu"
03,11,S03E11 Chandler Cant Remember Which Sister.txt,"punch, rockefeller, seamstress, yay, storage"
03,12,S03E12 All The Jealousy.txt,"strippers, albert, senorita, resume, supposed"
03,13,S03E13 Monica And Richard Are Just Friends.txt,"freezer, tuesday, honest, proposes, vertigo"
03,14,S03E14 Phoebes Ex-Partner.txt,"jingles, leslie, vlad, bummer, layering"
03,15,S03E15 Ross And Rachel Take A Break.txt,"diplomat, olives, crazy, button, doodle"
03,16,S03E16 The Morning After.txt,"chloe, anniversary, depths, organic, supposed"
03,17,S03E17 The Ski Trip.txt,"comics, anniversary, mosey, shoulda, unsupported"
03,18,S03E18 The Hypnosis Tape.txt,"exercise, hypnosis, babies, bachelor, fair"
03,19,S03E19 The Tiny T-Shirt.txt,"lover, daddie, unless, neurosurgeon, deconstructing"
03,20,S03E20 The Dollhouse.txt,"dollhouse, gaelic, sneezes, stay, supposed"
03,21,S03E21 The Chick And The Duck.txt,"diner, skates, especially, crumpled, gallivanting"
03,22,S03E22 The Screamer.txt,"dad, mannered, estelle, supposed, riboflavin"
03,23,S03E23 Rosss Thing.txt,"duck, abnormality, gim, nicest, wedding"
03,24,S03E24 The Ultimate Fighting Champion.txt,"pete, missouri, pretzel, average, supposed"
04,01,S04E01 The Jellyfish.txt,"seashores, awww, nuclear, tips, gin"
04,02,S04E02 The Cat.txt,"ripped, chipper, prom, compartments, pardon"
04,03,S04E03 The Cuffs.txt,"bagels, occurrence, homerun, meant, tunnel"
04,04,S04E04 The Ballroom Dancing.txt,"lycra, treeger, massages, closures, unless"
04,05,S04E05 Joeys New Girlfriend.txt,"chucky, streets, cell, fetch, advice"
04,06,S04E06 The Dirty Girl.txt,"caterers, era, aerobics, probably, goodnight"
04,07,S04E07 Chandler Crosses The Line.txt,"walk, roommates, tainted, bha, electrifying"
04,08,S04E08 Chandler In A Box.txt,"freezer, ewwwww, sit, agree, merry"
04,09,S04E09 Theyre Going To Party.txt,"gandolf, chicago, bumblebees, probably, equator"
04,10,S04E10 The Girl From Poughkeepsie.txt,"stuffing, dating, wells, quit, prague"
04,11,S04E11 Phoebes Uterus.txt,"brother, engaged, surrogate, erogenous, tables"
04,12,S04E12 The Embryos.txt,"bags, categorizes, transponding, awwwww, endometria"
04,13,S04E13 Rachels Crush.txt,"nicole, dresses, beefsteak, pecs, anytime"
04,14,S04E14 Joeys Dirty Day.txt,"strippers, kurt, waltham, hooked, unless"
04,15,S04E15 All The Rugby.txt,"nails, liam, yemen, stay, express"
04,16,S04E16 The Fake Party.txt,"cravings, bologna, awwww, dress, surprised"
04,17,S04E17 The Free Porn.txt,"taxicab, births, refrigerator, fantasies, cheer"
04,18,S04E18 Rachels New Dress.txt,"babies, carol, definitely, mignon, filet"
04,19,S04E19 All The Haste.txt,"apartment, knickers, wear, emily, fact"
04,20,S04E20 The Wedding Dresses.txt,"weddings, gunther, snoring, plus, sink"
04,21,S04E21 The Invitation.txt,"married, ewwwww, probably, agreed, everest"
04,22,S04E22 The Worst Best Man Ever.txt,"strippers, tenth, wedding, hut, ritalin"
04,23,S04E23 Rosss Wedding.txt,"londoners, wedding, salmonella, stepmum, phewbedo"
05,01,S05E01 Ross Says Rachel.txt,"emily, suites, passengers, everlasting, supposed"
05,02,S05E02 All The Kissing.txt,"london, smudgey, potpourri, wedding, return"
05,03,S05E03 Hundredth.txt,"babies, aaiiyyyeeee, oberman, delaware, bummed"
05,04,S05E04 Phoebe Hates PBS.txt,"naps, sesame, london, telethon, probably"
05,05,S05E05 The Kips.txt,"weekend, emily, madlibs, unbelievable, hid"
05,06,S05E06 The Yeti.txt,"waffles, uptown, sublet, filipino, supposed"
05,07,S05E07 Ross Moves In.txt,"kitchen, subletting, hatless, plenty, looong"
05,08,S05E08 The Thanksgiving Flashbacks.txt,"thanksgivings, gauze, nancy, freak, tip"
05,09,S05E09 Rosss Sandwich.txt,"sandwiches, heathcliff, characterize, shhh, fountain"
05,10,S05E10 The Inappropriate Sister.txt,"fridge, slack, merry, shhh, weighted"
05,11,S05E11 All The Resolutions.txt,"gossiping, awww, guitars, planeload, supposed"
05,12,S05E12 Chandlers Work Laugh.txt,"doug, cheatum, racquets, weddings, sabbatical"
05,13,S05E13 Joeys Bag.txt,"funeral, massages, sophisticated, half, anytime"
05,14,S05E14 Everybody Finds Out.txt,"laundry, bicep, probably, misunderstood, sent"
05,15,S05E15 The Girl Who Hits Joey.txt,"sister, nametags, awww, walk, breadstick"
05,16,S05E16 The Cop.txt,"couch, probably, welcome, silver, fact"
05,17,S05E17 Rachels Inadvertant Kiss.txt,"clerk, impress, sleaze, stairway, supposed"
05,18,S05E18 Rachel Smokes.txt,"ben, alphabetized, auditioning, agree, swings"
05,19,S05E19 Ross Cant Flirt.txt,"anniversary, vegetables, likely, uncanny, misdemeanors"
05,20,S05E20 The Ride Along.txt,"wedding, tastiness, crazy, categories, risked"
05,21,S05E21 The Ball.txt,"litter, brooklyn, sweethart, listings, eventually"
05,22,S05E22 Joeys Big Break.txt,"blinky, paycheck, treat, illinois, ascot"
05,23,S05E23 In Vegas.txt,"simmons, anniversary, lazy, london, knew"
06,01,S06E01 Vegas.txt,"married, exactly, enjoy, renew, protein"
06,02,S06E02 Ross Hugs Rachel.txt,"divorces, tombstone, angelica, bravo, mailroom"
06,03,S06E03 Rosss Denial.txt,"roommates, mahogany, means, shhhhhh, enjoy"
06,04,S06E04 Joey Loses His Insurance.txt,"kitchen, sediment, subcategorized, confess, bother"
06,05,S06E05 Joeys Porsche.txt,"newlywed, carnuba, sit, remember, polishing"
06,06,S06E06 On The Last Night.txt,"knicks, loooot, wrap, sittin, exactly"
06,07,S06E07 Phoebe Runs.txt,"dancer, roommates, blahebdmsdlkhdyslkd, silly, bonding"
06,08,S06E08 Rosss Teeth.txt,"gossip, pantyhose, sweetums, insanely, keycard"
06,09,S06E09 Ross Got High.txt,"thanksgiving, dancers, reflection, probably, sent"
06,10,S06E10 The Routine.txt,"christmas, routine, chapstick, egyptians, knew"
06,11,S06E11 The Apothecary Table.txt,"drawers, janine, plains, phlegm, cheer"
06,12,S06E12 The Joke.txt,"playboy, muppy, stay, speech, supposed"
06,13,S06E13 Rachels Sister.txt,"muffins, pribe, reciprocate, lucky, modeling"
06,14,S06E14 Chandler Cant Cry.txt,"sister, kinds, especially, eulogy, slides"
06,15,S06E15-S06E16 That Could Have Been Part I  II.txt,"barry, vows, lumps, interplanetary, welcome"
06,17,S06E17 Unagi.txt,"eel, sweetest, concept, chuck, exactly"
06,18,S06E18 Ross Dates A Student.txt,"teacher, evaluations, especially, pacino, stay"
06,19,S06E19 Joeys Fridge.txt,"refrigerators, chuckie, noticed, epidemiology, molecular"
06,20,S06E20 Mac And C.H.E.E.S.E..txt,"acting, macaroni, reactor, neat, luuuuuuuuck"
06,21,S06E21 Ross Meets Elizabeths Dad.txt,"paul, horoscope, technology, supposed, received"
06,22,S06E22 Pauls The Man.txt,"sandwiches, engaged, probably, screening, welcome"
06,23,S06E23 The Ring.txt,"ring, probably, overwhelm, glad, coffeehouse"
06,24,S06E24 The Proposal Part I  II.txt,"champagne, propose, awww, underprivileged, supposed"
07,01,S07E01 Monicas Thunder.txt,"wedding, characturist, break, apparently, deposit"
07,02,S07E02 Rachels Book.txt,"toast, appointments, dollywood, probably, masseur"
07,03,S07E03 Phoebes Cookies.txt,"kidding, shuffleboard, sailor, tribbianis, bonding"
07,04,S07E04 Rachels Assistant.txt,"cheerleaders, merchandising, resume, especially, sent"
07,05,S07E05 The Engagement Picture.txt,"subway, divorced, appreciate, birdogging, physical"
07,06,S07E06 The Nap Partners.txt,"maid, seriously, excedrin, pounds, shiny"
07,07,S07E07 Rosss Library Book.txt,"pancakes, loner, lucky, understaffed, microphone"
07,08,S07E08 Chandler Doesnt Like Dogs.txt,"thanksgiving, clunkers, shhhh, enjoy, maps"
07,09,S07E09 All The Candy.txt,"candy, pedaling, newspaper, kidding, sent"
07,10,S07E10 The Huliday Armadillo.txt,"christmassy, reservations, ben, apparently, sent"
07,11,S07E11 All The Cheesecakes.txt,"cheesecake, ditch, millie, supposed, sent"
07,12,S07E12 Theyre Up All Night.txt,"comets, shhhhhhhhh, wrap, interrupt, rented"
07,13,S07E13 Rosita Dies.txt,"couch, chichas, polisher, true, cards"
07,14,S07E14 They All Turn Thirty.txt,"thirties, celebration, haul, surprised, awwwww"
07,15,S07E15 Joeys New Brain.txt,"wedding, tom, bagpipes, noticed, resume"
07,16,S07E16 The Truth About London.txt,"ben, ordained, closets, interesting, ehhhhhhhhhhh"
07,17,S07E17 The Cheap Wedding Dress.txt,"wedding, brooklyn, probably, carcass, sent"
07,18,S07E18 Joeys Award.txt,"soapie, nominees, gracious, probably, practice"
07,19,S07E19 Ross And Monicas Cousin.txt,"cassie, domineering, century, unless, luncheon"
07,20,S07E20 Rachels Big Kiss.txt,"tuxedos, marry, neil, tables, probably"
07,21,S07E21 The Vows.txt,"vows, breaks, london, bicep, exactly"
07,22,S07E22 Chandlers Dad.txt,"porsche, wedding, walk, glad, adds"
07,23,S07E23 Chandler And Monicas Wedding.txt,"platoon, maureen, unhappiness, orthodox, supposed"
07,24,S07E24 Friends Special The Stuff Youve Never Seen.txt,"gang, memorize, agree, wedding, towels"
08,01,S08E01 I Do.txt,"bridemaids, pregnant, sec, dialects, showed"
08,02,S08E02 The Red Sweater.txt,"bags, wedding, mashuga, lynn, probably"
08,03,S08E03 Rachel Tells....txt,"honeymoon, probably, ketchup, parm, hugs"
08,04,S08E04 The Videotape.txt,"honeymooning, jenny, welcome, signals, probably"
08,05,S08E05 Rachels Date.txt,"chef, mundane, peg, hemorrhoids, supposed"
08,06,S08E06 The Halloween Party.txt,"halloween, sputnik, probably, couple, anytime"
08,07,S08E07 The Stain.txt,"laundry, koffie, ewww, buttons, figured"
08,08,S08E08 The Stripper.txt,"bachelorette, grandchild, probably, cancel, artifact"
08,09,S08E09 The Rumor.txt,"fat, turkey, maternity, tribbianis, interesting"
08,10,S08E10 Monicas Boots.txt,"boots, sting, smartest, contraceptives, supposed"
08,11,S08E11 Rosss Step Forward.txt,"pill, carol, awfully, welcome, gesture"
08,12,S08E12 Joey Dates Rachel.txt,"restaurant, sneak, glad, primitive, usually"
08,13,S08E13 Chandler Takes A Bath.txt,"ruthie, filth, grrrreat, tiles, rare"
08,14,S08E14 The Secret Closet.txt,"guitar, locking, stamps, pregnancy, anytime"
08,15,S08E15 The Birthing Video.txt,"valentine, bagels, fact, cheers, yoga"
08,16,S08E16 Joey Tells Rachel.txt,"strangers, octavio, jeopardize, half, loire"
08,17,S08E17 The Tea Leaves.txt,"grocery, unpredictability, mona, parties, meant"
08,18,S08E18 In Massapequa.txt,"anniversary, elderly, drycleaners, expressway, acting"
08,19,S08E19 Joeys Interview.txt,"soap, everyday, jam, saut, operas"
08,20,S08E20 The Baby Shower.txt,"contestants, triscadecaphobia, columbia, pregnancy, apologizing"
08,21,S08E21 The Cooking Class.txt,"restaurant, shhh, paleontology, liked, hormones"
08,22,S08E22 Rachel Is Late.txt,"maternity, annoy, seahorses, south, thx"
08,23,S08E23 Rachel Has A Baby.txt,"hospital, candles, true, humped, centimeters"
09,01,S09E01 No One Proposes.txt,"propose, candy, recitals, especially, nursing"
09,02,S09E02 Emma Cries.txt,"diapers, marry, shhhhh, sent, oldest"
09,03,S09E03 The Pediatrician.txt,"tulsa, recurring, awww, diagnostician, gettleman"
09,04,S09E04 The Sharks.txt,"mike, coffeehouses, honest, hanagens, sent"
09,05,S09E05 Phoebes Birthday Dinner.txt,"smoked, reservation, thursday, tulsa, manipulative"
09,06,S09E06 The Male Nanny.txt,"limericks, department, probably, whimsical, welcome"
09,07,S09E07 Rosss Inappropriate Song.txt,"babies, makeover, itsy, chorus, deductible"
09,08,S09E08 Rachels Other Sister.txt,"wedding, muskogee, pilates, noticed, transcriber"
09,09,S09E09 Rachels Phone Number.txt,"knicks, mittens, drinks, probably, intercept"
09,10,S09E10 Christmas In Tulsa.txt,"christmas, thistle, probably, knew, tulsa"
09,11,S09E11 Rachel Goes Back To Work.txt,"bagels, unemployed, tend, screensaver, reconfiguration"
09,12,S09E12 Phoebes Rats.txt,"nannies, mediocre, leptospirosis, welcome, likely"
09,13,S09E13 Monica Sings.txt,"eyebrows, unusual, potluck, rebound, amoxicillin"
09,14,S09E14 The Blind Dates.txt,"emma, ovulation, carrots, average, bummed"
09,15,S09E15 The Mugging.txt,"waitress, haze, congratulations, callbacks, supposed"
09,16,S09E16 The Boob Job.txt,"crack, savings, aisle, surprised, internship"
09,17,S09E17 The Memorial Service.txt,"carol, memorize, probably, fact, paleontology"
09,18,S09E18 The Lottery.txt,"porsche, emma, pbbqqt, organize, probably"
09,19,S09E19 Rachels Dream.txt,"romantic, vermont, garbaaaaaage, pesos, conditioners"
09,20,S09E20 The Soap Opera Party.txt,"professors, cashews, interestingly, excuse, sent"
09,21,S09E21 The Fertility Test.txt,"charlie, paleontologists, sweetest, disapproves, byzantine"
09,22,S09E22 The Donor.txt,"sperm, barbados, scans, assumptions, deal"
09,23,S09E23-S09E24 In Barbados.txt,"barbados, especially, tetris, keynote, humidity"
10,01,S10E01 Joey and Rachel Kiss.txt,"charlie, speachless, depressants, pillowcase, supposed"
10,02,S10E02 Ross Is Fine.txt,"frank, adopting, categories, barbados, appreciate"
10,03,S10E03 Rosss Tan.txt,"mississippilesly, pedicures, pat, exactly, tanning"
10,04,S10E04 The Cake.txt,"vermont, emma, organise, cholesterol, supposed"
10,05,S10E05 Rachels Sister Babysits.txt,"cookies, emma, anniversary, prepossessing, aortic"
10,06,S10E06 Rosss Grant.txt,"engagement, exhausted, taxonomic, applicants, shirelles"
10,07,S10E07 The Home Study.txt,"weddings, list, probably, adopting, sweety"
10,08,S10E08 The Late Thanksgiving.txt,"thanksgiving, contestants, showdog, probably, enjoy"
10,09,S10E09 The Birth Mother.txt,"adopt, dress, probably, ohio, table"
10,10,S10E10 Chandler Gets Caught.txt,"cake, categorizes, westchester, transpondster, geez"
10,11,S10E11 The Stripper Cries.txt,"strippers, cafeteria, adrienne, probably, gene"
10,12,S10E12 Phoebes Wedding.txt,"wedding, step, harpist, furlough, rarely"
10,13,S10E13 Joey Speaks French.txt,"honeymoon, barney, flouppe, pelle, ais"
10,14,S10E14 Princess Consuela.txt,"couples, gucci, interviewing, probably, welcome"
10,15,S10E15 Estelle Dies.txt,"paris, employees, talked, commute, unless"
10,16,S10E16 Rachels Going Away Party.txt,"packing, emma, probably, kinkiest, antacids"
10,17,S10E17-S10E18 The Last One Part I  II.txt,"babies, antacids, recovery, atkins, shhh"
